dispute_id,customer_id,invoice_id,dispute_reason,status,created_date,resolution_date
DSP-0,CUST-1073,INV-103880,Billing,Closed,2026-02-13,
DSP-1,CUST-1016,INV-103743,Contract,Closed,2026-01-29,
DSP-2,CUST-1003,INV-105140,Billing,Closed,2026-02-15,
DSP-3,CUST-1063,INV-105367,Billing,Closed,2026-02-01,
DSP-4,CUST-1143,INV-105111,Contract,Closed,2026-01-22,
DSP-5,CUST-1048,INV-106555,Service,Open,2026-02-14,
DSP-6,CUST-1099,INV-104721,Contract,Open,2026-02-12,
DSP-7,CUST-1154,INV-104554,Billing,Open,2026-02-23,
DSP-8,CUST-1005,INV-108442,Service,Closed,2026-02-13,
DSP-9,CUST-1103,INV-102970,Billing,Closed,2026-01-07,
DSP-10,CUST-1008,INV-107005,Service,Open,2026-02-02,
DSP-11,CUST-1057,INV-103764,Contract,Closed,2026-01-22,
DSP-12,CUST-1031,INV-104655,Service,Closed,2026-02-10,
DSP-13,CUST-1165,INV-101490,Contract,Open,2026-02-27,
DSP-14,CUST-1029,INV-106605,Service,Closed,2026-02-28,
DSP-15,CUST-1044,INV-108249,Billing,Closed,2026-01-28,
DSP-16,CUST-1113,INV-107478,Service,Open,2026-01-21,
DSP-17,CUST-1156,INV-102348,Service,Open,2026-02-24,
DSP-18,CUST-1149,INV-103227,Contract,Closed,2026-02-20,
DSP-19,CUST-1030,INV-104251,Contract,Open,2026-02-05,
DSP-20,CUST-1127,INV-106425,Service,Closed,2026-01-04,
DSP-21,CUST-1016,INV-102810,Billing,Open,2026-02-12,
DSP-22,CUST-1112,INV-107363,Service,Open,2026-01-06,
DSP-23,CUST-1124,INV-100194,Service,Open,2026-01-19,
DSP-24,CUST-1053,INV-105861,Billing,Closed,2026-02-20,
DSP-25,CUST-1078,INV-109121,Contract,Closed,2026-02-27,
DSP-26,CUST-1046,INV-104651,Service,Open,2026-02-22,
DSP-27,CUST-1159,INV-103403,Service,Closed,2026-01-11,
DSP-28,CUST-1155,INV-101752,Service,Closed,2026-02-19,
DSP-29,CUST-1138,INV-101425,Contract,Closed,2026-01-17,
DSP-30,CUST-1166,INV-102629,Billing,Closed,2026-02-15,
DSP-31,CUST-1144,INV-108659,Billing,Closed,2026-01-18,
DSP-32,CUST-1075,INV-104788,Billing,Open,2026-02-15,
DSP-33,CUST-1114,INV-104862,Service,Open,2026-01-13,
DSP-34,CUST-1114,INV-105342,Contract,Closed,2026-02-10,
DSP-35,CUST-1166,INV-101491,Billing,Closed,2026-02-20,
DSP-36,CUST-1152,INV-100126,Service,Closed,2026-01-11,
DSP-37,CUST-1025,INV-104088,Service,Closed,2026-02-20,
DSP-38,CUST-1067,INV-105725,Service,Open,2026-01-27,
DSP-39,CUST-1189,INV-105378,Billing,Open,2026-02-18,
DSP-40,CUST-1146,INV-102771,Contract,Open,2026-01-16,
DSP-41,CUST-1012,INV-104351,Contract,Closed,2026-02-19,
DSP-42,CUST-1028,INV-108148,Service,Closed,2026-01-15,
DSP-43,CUST-1053,INV-109007,Service,Closed,2026-02-23,
DSP-44,CUST-1072,INV-107797,Service,Closed,2026-01-14,
DSP-45,CUST-1169,INV-101536,Service,Open,2026-01-15,
DSP-46,CUST-1189,INV-100001,Service,Closed,2026-01-18,
DSP-47,CUST-1198,INV-103657,Contract,Closed,2026-01-12,
DSP-48,CUST-1198,INV-104388,Contract,Open,2026-01-26,
DSP-49,CUST-1020,INV-103165,Billing,Closed,2026-02-11,
DSP-50,CUST-1008,INV-103243,Service,Open,2026-02-09,
DSP-51,CUST-1172,INV-107319,Contract,Open,2026-02-23,
DSP-52,CUST-1154,INV-109407,Contract,Open,2026-01-18,
DSP-53,CUST-1047,INV-107286,Billing,Open,2026-01-26,
DSP-54,CUST-1084,INV-101661,Billing,Open,2026-02-23,
DSP-55,CUST-1196,INV-104941,Contract,Closed,2026-02-15,
DSP-56,CUST-1132,INV-107862,Billing,Open,2026-01-18,
DSP-57,CUST-1071,INV-109090,Contract,Open,2026-01-01,
DSP-58,CUST-1014,INV-102092,Billing,Closed,2026-01-16,
DSP-59,CUST-1076,INV-103920,Contract,Open,2026-02-06,
DSP-60,CUST-1096,INV-105274,Contract,Open,2026-01-21,
DSP-61,CUST-1171,INV-101765,Contract,Closed,2026-01-08,
DSP-62,CUST-1122,INV-107397,Service,Closed,2026-02-21,
DSP-63,CUST-1174,INV-103231,Service,Open,2026-01-02,
DSP-64,CUST-1031,INV-102721,Contract,Open,2026-02-24,
DSP-65,CUST-1035,INV-103260,Billing,Open,2026-01-19,
DSP-66,CUST-1176,INV-101134,Service,Closed,2026-01-29,
DSP-67,CUST-1180,INV-101798,Service,Open,2026-01-30,
DSP-68,CUST-1150,INV-108457,Service,Closed,2026-01-03,
DSP-69,CUST-1161,INV-108664,Service,Open,2026-01-08,
DSP-70,CUST-1145,INV-107920,Billing,Open,2026-03-01,
DSP-71,CUST-1139,INV-101104,Billing,Closed,2026-02-04,
DSP-72,CUST-1086,INV-105276,Service,Open,2026-01-18,
DSP-73,CUST-1125,INV-106353,Service,Closed,2026-01-26,
DSP-74,CUST-1129,INV-107405,Billing,Open,2026-01-25,
DSP-75,CUST-1154,INV-108507,Billing,Open,2026-01-08,
DSP-76,CUST-1177,INV-100183,Billing,Closed,2026-01-18,
DSP-77,CUST-1158,INV-102645,Contract,Open,2026-01-24,
DSP-78,CUST-1175,INV-105042,Billing,Open,2026-01-05,
DSP-79,CUST-1085,INV-108344,Service,Open,2026-01-26,
DSP-80,CUST-1068,INV-101294,Billing,Closed,2026-01-10,
DSP-81,CUST-1144,INV-101636,Service,Closed,2026-01-11,
DSP-82,CUST-1042,INV-106222,Contract,Closed,2026-01-04,
DSP-83,CUST-1198,INV-103512,Service,Open,2026-01-10,
DSP-84,CUST-1145,INV-109998,Billing,Closed,2026-02-06,
DSP-85,CUST-1193,INV-109399,Contract,Open,2026-01-12,
DSP-86,CUST-1030,INV-106737,Contract,Open,2026-01-10,
DSP-87,CUST-1062,INV-101572,Billing,Closed,2026-01-12,
DSP-88,CUST-1027,INV-105759,Contract,Open,2026-01-05,
DSP-89,CUST-1194,INV-103360,Service,Open,2026-02-12,
DSP-90,CUST-1136,INV-102178,Billing,Closed,2026-01-27,
DSP-91,CUST-1096,INV-109520,Contract,Closed,2026-02-02,
DSP-92,CUST-1027,INV-108885,Service,Open,2026-02-01,
DSP-93,CUST-1145,INV-100104,Service,Open,2026-01-05,
DSP-94,CUST-1142,INV-103098,Contract,Closed,2026-01-23,
DSP-95,CUST-1004,INV-102435,Billing,Closed,2026-02-25,
DSP-96,CUST-1040,INV-105346,Service,Open,2026-01-24,
DSP-97,CUST-1109,INV-102176,Contract,Closed,2026-02-15,
DSP-98,CUST-1075,INV-102486,Billing,Closed,2026-01-02,
DSP-99,CUST-1116,INV-105655,Billing,Closed,2026-01-30,
DSP-100,CUST-1065,INV-101133,Service,Closed,2026-01-10,
DSP-101,CUST-1072,INV-106356,Billing,Closed,2026-01-01,
DSP-102,CUST-1110,INV-106989,Service,Closed,2026-01-13,
DSP-103,CUST-1119,INV-102567,Billing,Open,2026-03-01,
DSP-104,CUST-1178,INV-103151,Service,Open,2026-02-05,
DSP-105,CUST-1126,INV-104578,Contract,Open,2026-01-03,
DSP-106,CUST-1143,INV-103159,Billing,Open,2026-02-13,
DSP-107,CUST-1192,INV-102618,Service,Open,2026-02-13,
DSP-108,CUST-1056,INV-107942,Billing,Closed,2026-01-16,
DSP-109,CUST-1164,INV-105628,Contract,Closed,2026-01-14,
DSP-110,CUST-1166,INV-107852,Billing,Open,2026-02-09,
DSP-111,CUST-1064,INV-109471,Contract,Closed,2026-02-23,
DSP-112,CUST-1176,INV-106809,Billing,Open,2026-02-14,
DSP-113,CUST-1046,INV-108385,Billing,Open,2026-02-17,
DSP-114,CUST-1167,INV-100379,Contract,Closed,2026-02-16,
DSP-115,CUST-1141,INV-106196,Contract,Closed,2026-02-15,
DSP-116,CUST-1039,INV-100678,Service,Closed,2026-01-05,
DSP-117,CUST-1047,INV-100619,Service,Closed,2026-01-25,
DSP-118,CUST-1159,INV-102699,Contract,Closed,2026-02-07,
DSP-119,CUST-1038,INV-109855,Billing,Open,2026-02-23,
DSP-120,CUST-1100,INV-103554,Contract,Closed,2026-01-29,
DSP-121,CUST-1160,INV-106321,Service,Open,2026-01-17,
DSP-122,CUST-1157,INV-108615,Service,Closed,2026-01-09,
DSP-123,CUST-1119,INV-106737,Billing,Open,2026-01-18,
DSP-124,CUST-1153,INV-100212,Service,Open,2026-01-12,
DSP-125,CUST-1042,INV-103535,Billing,Open,2026-02-14,
DSP-126,CUST-1182,INV-102948,Contract,Closed,2026-02-18,
DSP-127,CUST-1043,INV-102431,Billing,Closed,2026-02-08,
DSP-128,CUST-1077,INV-100171,Service,Closed,2026-01-28,
DSP-129,CUST-1075,INV-106312,Service,Closed,2026-02-22,
DSP-130,CUST-1107,INV-101632,Service,Closed,2026-02-23,
DSP-131,CUST-1130,INV-106878,Service,Closed,2026-02-01,
DSP-132,CUST-1006,INV-108532,Billing,Closed,2026-01-20,
DSP-133,CUST-1084,INV-105065,Billing,Open,2026-02-09,
DSP-134,CUST-1057,INV-107114,Billing,Open,2026-02-24,
DSP-135,CUST-1090,INV-104245,Billing,Closed,2026-01-01,
DSP-136,CUST-1137,INV-109816,Contract,Closed,2026-01-12,
DSP-137,CUST-1009,INV-106107,Billing,Closed,2026-01-22,
DSP-138,CUST-1169,INV-108881,Billing,Closed,2026-02-20,
DSP-139,CUST-1033,INV-109939,Billing,Closed,2026-01-08,
DSP-140,CUST-1153,INV-106109,Service,Open,2026-01-12,
DSP-141,CUST-1059,INV-104254,Billing,Open,2026-02-07,
DSP-142,CUST-1129,INV-107052,Contract,Open,2026-02-28,
DSP-143,CUST-1044,INV-102098,Billing,Closed,2026-02-23,
DSP-144,CUST-1004,INV-101783,Contract,Closed,2026-02-22,
DSP-145,CUST-1025,INV-103872,Service,Closed,2026-01-24,
DSP-146,CUST-1078,INV-102920,Service,Open,2026-02-07,
DSP-147,CUST-1152,INV-100019,Billing,Open,2026-02-08,
DSP-148,CUST-1025,INV-109165,Contract,Closed,2026-02-10,
DSP-149,CUST-1091,INV-100071,Service,Open,2026-01-28,
DSP-150,CUST-1084,INV-102789,Contract,Open,2026-01-12,
DSP-151,CUST-1021,INV-102377,Service,Closed,2026-01-31,
DSP-152,CUST-1146,INV-103704,Service,Closed,2026-02-07,
DSP-153,CUST-1009,INV-100999,Contract,Open,2026-02-07,
DSP-154,CUST-1041,INV-101677,Contract,Open,2026-01-28,
DSP-155,CUST-1158,INV-100061,Billing,Open,2026-01-09,
DSP-156,CUST-1158,INV-106322,Service,Closed,2026-01-22,
DSP-157,CUST-1098,INV-105837,Contract,Closed,2026-01-07,
DSP-158,CUST-1074,INV-105829,Billing,Open,2026-01-04,
DSP-159,CUST-1080,INV-100126,Contract,Open,2026-01-29,
DSP-160,CUST-1106,INV-103664,Service,Closed,2026-02-22,
DSP-161,CUST-1163,INV-106652,Contract,Open,2026-02-25,
DSP-162,CUST-1193,INV-101883,Billing,Closed,2026-02-14,
DSP-163,CUST-1031,INV-105925,Contract,Closed,2026-01-10,
DSP-164,CUST-1066,INV-105262,Contract,Open,2026-02-11,
DSP-165,CUST-1119,INV-103619,Contract,Closed,2026-01-21,
DSP-166,CUST-1101,INV-104104,Contract,Open,2026-01-04,
DSP-167,CUST-1190,INV-102795,Billing,Closed,2026-01-24,
DSP-168,CUST-1113,INV-101260,Service,Closed,2026-01-21,
DSP-169,CUST-1022,INV-105941,Service,Closed,2026-01-18,
DSP-170,CUST-1049,INV-108336,Service,Open,2026-01-26,
DSP-171,CUST-1064,INV-106136,Billing,Open,2026-02-25,
DSP-172,CUST-1196,INV-105715,Billing,Open,2026-01-08,
DSP-173,CUST-1171,INV-104089,Contract,Closed,2026-01-23,
DSP-174,CUST-1185,INV-109740,Service,Closed,2026-02-16,
DSP-175,CUST-1184,INV-101994,Service,Closed,2026-01-09,
DSP-176,CUST-1164,INV-108818,Service,Open,2026-01-25,
DSP-177,CUST-1192,INV-108667,Billing,Open,2026-02-05,
DSP-178,CUST-1017,INV-102311,Contract,Open,2026-02-01,
DSP-179,CUST-1115,INV-108595,Contract,Open,2026-01-07,
DSP-180,CUST-1132,INV-104294,Service,Open,2026-02-02,
DSP-181,CUST-1098,INV-100555,Billing,Open,2026-02-28,
DSP-182,CUST-1117,INV-105600,Billing,Closed,2026-02-28,
DSP-183,CUST-1095,INV-109394,Contract,Open,2026-01-31,
DSP-184,CUST-1153,INV-107626,Contract,Closed,2026-01-17,
DSP-185,CUST-1032,INV-101140,Billing,Closed,2026-02-04,
DSP-186,CUST-1041,INV-102806,Billing,Open,2026-01-22,
DSP-187,CUST-1154,INV-109629,Billing,Open,2026-02-27,
DSP-188,CUST-1181,INV-103564,Contract,Open,2026-01-29,
DSP-189,CUST-1081,INV-107507,Contract,Closed,2026-02-25,
DSP-190,CUST-1078,INV-100612,Contract,Open,2026-02-22,
DSP-191,CUST-1090,INV-107689,Service,Closed,2026-02-20,
DSP-192,CUST-1120,INV-103805,Billing,Open,2026-01-18,
DSP-193,CUST-1023,INV-104497,Service,Closed,2026-02-16,
DSP-194,CUST-1125,INV-100280,Billing,Closed,2026-01-10,
DSP-195,CUST-1002,INV-105734,Billing,Closed,2026-01-15,
DSP-196,CUST-1166,INV-100161,Service,Open,2026-02-25,
DSP-197,CUST-1070,INV-100043,Contract,Closed,2026-02-26,
DSP-198,CUST-1139,INV-106389,Service,Open,2026-01-07,
DSP-199,CUST-1032,INV-105598,Billing,Open,2026-02-07,
DSP-200,CUST-1021,INV-101625,Contract,Closed,2026-01-14,
DSP-201,CUST-1162,INV-107019,Service,Closed,2026-01-26,
DSP-202,CUST-1013,INV-107363,Contract,Open,2026-01-18,
DSP-203,CUST-1153,INV-101939,Service,Closed,2026-01-18,
DSP-204,CUST-1124,INV-105447,Service,Open,2026-01-06,
DSP-205,CUST-1053,INV-109985,Contract,Closed,2026-02-14,
DSP-206,CUST-1168,INV-102545,Contract,Closed,2026-02-12,
DSP-207,CUST-1172,INV-107322,Contract,Closed,2026-01-25,
DSP-208,CUST-1030,INV-101825,Contract,Open,2026-02-26,
DSP-209,CUST-1068,INV-100822,Service,Closed,2026-02-10,
DSP-210,CUST-1098,INV-107331,Contract,Closed,2026-01-12,
DSP-211,CUST-1144,INV-100468,Service,Open,2026-02-20,
DSP-212,CUST-1187,INV-102262,Contract,Open,2026-01-30,
DSP-213,CUST-1095,INV-102666,Service,Closed,2026-01-19,
DSP-214,CUST-1114,INV-106212,Service,Closed,2026-02-26,
DSP-215,CUST-1131,INV-105223,Service,Open,2026-01-21,
DSP-216,CUST-1009,INV-108512,Contract,Closed,2026-01-16,
DSP-217,CUST-1118,INV-107764,Billing,Open,2026-02-04,
DSP-218,CUST-1100,INV-100939,Billing,Closed,2026-01-07,
DSP-219,CUST-1136,INV-102346,Contract,Closed,2026-02-23,
DSP-220,CUST-1188,INV-103145,Billing,Closed,2026-02-11,
DSP-221,CUST-1149,INV-106420,Billing,Closed,2026-01-19,
DSP-222,CUST-1148,INV-108332,Contract,Closed,2026-02-07,
DSP-223,CUST-1126,INV-107275,Billing,Open,2026-01-26,
DSP-224,CUST-1022,INV-109073,Contract,Closed,2026-02-10,
DSP-225,CUST-1060,INV-109717,Billing,Closed,2026-01-18,
DSP-226,CUST-1139,INV-101051,Service,Open,2026-01-12,
DSP-227,CUST-1094,INV-104253,Service,Open,2026-01-05,
DSP-228,CUST-1121,INV-105225,Service,Open,2026-01-26,
DSP-229,CUST-1144,INV-109017,Service,Open,2026-01-05,
DSP-230,CUST-1103,INV-101369,Service,Open,2026-02-07,
DSP-231,CUST-1182,INV-105293,Service,Open,2026-01-18,
DSP-232,CUST-1108,INV-106680,Contract,Open,2026-01-06,
DSP-233,CUST-1020,INV-106803,Contract,Open,2026-01-01,
DSP-234,CUST-1181,INV-106832,Billing,Closed,2026-01-11,
DSP-235,CUST-1046,INV-105073,Service,Open,2026-01-16,
DSP-236,CUST-1168,INV-104966,Service,Open,2026-01-26,
DSP-237,CUST-1096,INV-104257,Billing,Open,2026-02-08,
DSP-238,CUST-1142,INV-101417,Contract,Open,2026-02-18,
DSP-239,CUST-1058,INV-108480,Service,Open,2026-01-18,
DSP-240,CUST-1142,INV-103698,Contract,Open,2026-02-05,
DSP-241,CUST-1028,INV-105046,Contract,Open,2026-02-06,
DSP-242,CUST-1010,INV-103986,Contract,Closed,2026-01-26,
DSP-243,CUST-1028,INV-102736,Contract,Open,2026-02-02,
DSP-244,CUST-1114,INV-106082,Service,Open,2026-01-01,
DSP-245,CUST-1085,INV-108221,Contract,Open,2026-01-27,
DSP-246,CUST-1088,INV-100210,Service,Open,2026-02-06,
DSP-247,CUST-1084,INV-101515,Billing,Open,2026-01-22,
DSP-248,CUST-1113,INV-103021,Billing,Open,2026-01-19,
DSP-249,CUST-1055,INV-106430,Billing,Open,2026-01-13,
DSP-250,CUST-1180,INV-104372,Contract,Open,2026-02-06,
DSP-251,CUST-1002,INV-107165,Billing,Closed,2026-02-19,
DSP-252,CUST-1012,INV-104530,Contract,Open,2026-02-25,
DSP-253,CUST-1165,INV-100407,Service,Closed,2026-01-03,
DSP-254,CUST-1069,INV-102276,Billing,Closed,2026-01-27,
DSP-255,CUST-1010,INV-107400,Contract,Closed,2026-02-04,
DSP-256,CUST-1119,INV-106753,Service,Open,2026-01-09,
DSP-257,CUST-1150,INV-101710,Contract,Open,2026-01-20,
DSP-258,CUST-1055,INV-100825,Contract,Open,2026-01-26,
DSP-259,CUST-1144,INV-105545,Service,Open,2026-02-15,
DSP-260,CUST-1008,INV-108587,Service,Open,2026-02-04,
DSP-261,CUST-1122,INV-103752,Billing,Open,2026-01-21,
DSP-262,CUST-1121,INV-109787,Contract,Closed,2026-02-01,
DSP-263,CUST-1082,INV-108972,Billing,Closed,2026-01-22,
DSP-264,CUST-1155,INV-109300,Contract,Closed,2026-01-14,
DSP-265,CUST-1078,INV-108692,Contract,Closed,2026-01-29,
DSP-266,CUST-1018,INV-103312,Billing,Open,2026-02-27,
DSP-267,CUST-1096,INV-107949,Billing,Closed,2026-01-31,
DSP-268,CUST-1003,INV-105738,Contract,Open,2026-01-17,
DSP-269,CUST-1174,INV-100229,Service,Closed,2026-01-23,
DSP-270,CUST-1046,INV-100245,Contract,Open,2026-02-28,
DSP-271,CUST-1158,INV-108292,Billing,Open,2026-02-05,
DSP-272,CUST-1098,INV-102856,Contract,Closed,2026-01-25,
DSP-273,CUST-1132,INV-107145,Contract,Closed,2026-01-18,
DSP-274,CUST-1123,INV-107787,Service,Closed,2026-02-28,
DSP-275,CUST-1032,INV-103000,Service,Closed,2026-01-16,
DSP-276,CUST-1047,INV-109885,Service,Open,2026-01-02,
DSP-277,CUST-1159,INV-109260,Billing,Open,2026-01-26,
DSP-278,CUST-1125,INV-104169,Service,Closed,2026-02-03,
DSP-279,CUST-1111,INV-100256,Contract,Open,2026-02-27,
DSP-280,CUST-1078,INV-101126,Service,Closed,2026-01-12,
DSP-281,CUST-1186,INV-109307,Billing,Open,2026-02-17,
DSP-282,CUST-1100,INV-107925,Billing,Open,2026-01-10,
DSP-283,CUST-1191,INV-109452,Billing,Open,2026-01-29,
DSP-284,CUST-1046,INV-105725,Billing,Open,2026-02-25,
DSP-285,CUST-1136,INV-104179,Service,Closed,2026-01-02,
DSP-286,CUST-1104,INV-105043,Contract,Closed,2026-01-16,
DSP-287,CUST-1162,INV-108723,Contract,Open,2026-02-05,
DSP-288,CUST-1046,INV-104094,Contract,Closed,2026-02-11,
DSP-289,CUST-1087,INV-100857,Contract,Open,2026-02-28,
DSP-290,CUST-1081,INV-107328,Billing,Closed,2026-02-18,
DSP-291,CUST-1016,INV-107486,Contract,Open,2026-02-05,
DSP-292,CUST-1128,INV-105251,Billing,Closed,2026-01-22,
DSP-293,CUST-1054,INV-108076,Contract,Open,2026-01-06,
DSP-294,CUST-1010,INV-103618,Contract,Closed,2026-02-04,
DSP-295,CUST-1032,INV-102140,Contract,Closed,2026-03-01,
DSP-296,CUST-1197,INV-103032,Contract,Closed,2026-02-10,
DSP-297,CUST-1183,INV-102359,Contract,Closed,2026-02-06,
DSP-298,CUST-1063,INV-105770,Billing,Open,2026-01-31,
DSP-299,CUST-1057,INV-102780,Service,Closed,2026-02-10,
DSP-300,CUST-1107,INV-104693,Service,Open,2026-02-14,
DSP-301,CUST-1147,INV-102677,Billing,Closed,2026-01-02,
DSP-302,CUST-1017,INV-105793,Contract,Open,2026-02-04,
DSP-303,CUST-1077,INV-104717,Billing,Closed,2026-01-28,
DSP-304,CUST-1172,INV-106986,Billing,Open,2026-01-07,
DSP-305,CUST-1122,INV-105211,Service,Open,2026-01-21,
DSP-306,CUST-1042,INV-100462,Billing,Closed,2026-02-13,
DSP-307,CUST-1147,INV-101342,Contract,Open,2026-01-25,
DSP-308,CUST-1056,INV-100620,Billing,Open,2026-01-18,
DSP-309,CUST-1154,INV-101510,Service,Closed,2026-02-10,
DSP-310,CUST-1017,INV-104006,Contract,Closed,2026-02-14,
DSP-311,CUST-1144,INV-100916,Service,Closed,2026-02-12,
DSP-312,CUST-1059,INV-105027,Contract,Closed,2026-01-13,
DSP-313,CUST-1088,INV-105971,Contract,Open,2026-01-08,
DSP-314,CUST-1004,INV-107926,Service,Open,2026-02-22,
DSP-315,CUST-1133,INV-105742,Service,Open,2026-02-16,
DSP-316,CUST-1117,INV-103482,Billing,Closed,2026-01-14,
DSP-317,CUST-1099,INV-100774,Billing,Closed,2026-01-17,
DSP-318,CUST-1014,INV-101241,Contract,Closed,2026-01-13,
DSP-319,CUST-1038,INV-105085,Contract,Open,2026-01-11,
DSP-320,CUST-1166,INV-100935,Contract,Closed,2026-01-10,
DSP-321,CUST-1087,INV-109529,Contract,Open,2026-01-17,
DSP-322,CUST-1148,INV-103529,Billing,Closed,2026-01-29,
DSP-323,CUST-1012,INV-104899,Billing,Open,2026-02-13,
DSP-324,CUST-1028,INV-100299,Service,Open,2026-02-24,
DSP-325,CUST-1097,INV-102044,Billing,Closed,2026-01-02,
DSP-326,CUST-1004,INV-106170,Contract,Closed,2026-01-01,
DSP-327,CUST-1194,INV-106791,Billing,Open,2026-02-16,
DSP-328,CUST-1020,INV-105977,Contract,Open,2026-01-27,
DSP-329,CUST-1136,INV-102686,Service,Closed,2026-01-19,
DSP-330,CUST-1194,INV-100072,Service,Closed,2026-01-18,
DSP-331,CUST-1171,INV-109246,Billing,Open,2026-02-04,
DSP-332,CUST-1189,INV-109606,Billing,Closed,2026-02-26,
DSP-333,CUST-1066,INV-104294,Service,Closed,2026-01-09,
DSP-334,CUST-1112,INV-102428,Contract,Closed,2026-01-25,
DSP-335,CUST-1189,INV-106580,Billing,Open,2026-01-22,
DSP-336,CUST-1189,INV-108051,Service,Open,2026-01-13,
DSP-337,CUST-1187,INV-106287,Contract,Open,2026-02-12,
DSP-338,CUST-1176,INV-104809,Billing,Open,2026-01-29,
DSP-339,CUST-1166,INV-107575,Billing,Open,2026-02-20,
DSP-340,CUST-1168,INV-107497,Contract,Open,2026-01-22,
DSP-341,CUST-1049,INV-102221,Service,Open,2026-01-16,
DSP-342,CUST-1016,INV-103996,Contract,Closed,2026-02-28,
DSP-343,CUST-1052,INV-108424,Contract,Closed,2026-01-19,
DSP-344,CUST-1121,INV-101458,Billing,Open,2026-01-08,
DSP-345,CUST-1182,INV-103794,Billing,Closed,2026-01-12,
DSP-346,CUST-1074,INV-103572,Service,Open,2026-02-22,
DSP-347,CUST-1183,INV-101565,Contract,Open,2026-01-02,
DSP-348,CUST-1000,INV-103361,Billing,Closed,2026-01-05,
DSP-349,CUST-1192,INV-101755,Service,Open,2026-01-14,
DSP-350,CUST-1191,INV-107155,Contract,Closed,2026-01-16,
DSP-351,CUST-1179,INV-108138,Billing,Open,2026-02-20,
DSP-352,CUST-1142,INV-104101,Service,Closed,2026-02-03,
DSP-353,CUST-1001,INV-108794,Billing,Closed,2026-02-11,
DSP-354,CUST-1011,INV-108042,Service,Open,2026-01-10,
DSP-355,CUST-1172,INV-107680,Service,Open,2026-01-08,
DSP-356,CUST-1184,INV-103523,Contract,Closed,2026-02-13,
DSP-357,CUST-1041,INV-100022,Billing,Closed,2026-01-25,
DSP-358,CUST-1001,INV-103266,Service,Open,2026-02-20,
DSP-359,CUST-1189,INV-108171,Contract,Closed,2026-01-27,
DSP-360,CUST-1161,INV-107252,Billing,Open,2026-01-10,
DSP-361,CUST-1016,INV-100578,Contract,Open,2026-02-05,
DSP-362,CUST-1040,INV-105418,Contract,Open,2026-02-08,
DSP-363,CUST-1083,INV-108071,Billing,Open,2026-01-07,
DSP-364,CUST-1107,INV-105490,Service,Open,2026-01-15,
DSP-365,CUST-1198,INV-107777,Contract,Closed,2026-02-19,
DSP-366,CUST-1064,INV-105351,Billing,Closed,2026-01-13,
DSP-367,CUST-1119,INV-107705,Billing,Open,2026-02-02,
DSP-368,CUST-1014,INV-105279,Billing,Open,2026-02-04,
DSP-369,CUST-1108,INV-104138,Service,Closed,2026-01-02,
DSP-370,CUST-1165,INV-101135,Billing,Open,2026-02-09,
DSP-371,CUST-1097,INV-100746,Service,Closed,2026-01-11,
DSP-372,CUST-1064,INV-107625,Service,Open,2026-01-21,
DSP-373,CUST-1008,INV-109610,Billing,Closed,2026-01-14,
DSP-374,CUST-1169,INV-104574,Billing,Open,2026-01-25,
DSP-375,CUST-1193,INV-107727,Contract,Open,2026-01-23,
DSP-376,CUST-1088,INV-102949,Service,Closed,2026-02-13,
DSP-377,CUST-1178,INV-104336,Contract,Open,2026-01-01,
DSP-378,CUST-1123,INV-107294,Service,Open,2026-01-06,
DSP-379,CUST-1077,INV-100632,Billing,Open,2026-02-05,
DSP-380,CUST-1146,INV-107093,Contract,Open,2026-02-27,
DSP-381,CUST-1104,INV-107650,Contract,Closed,2026-02-18,
DSP-382,CUST-1030,INV-107521,Billing,Closed,2026-01-18,
DSP-383,CUST-1193,INV-104433,Billing,Closed,2026-02-18,
DSP-384,CUST-1159,INV-108790,Contract,Closed,2026-02-11,
DSP-385,CUST-1099,INV-106557,Billing,Closed,2026-02-06,
DSP-386,CUST-1007,INV-103202,Billing,Open,2026-01-05,
DSP-387,CUST-1111,INV-109087,Service,Closed,2026-02-21,
DSP-388,CUST-1196,INV-107934,Billing,Closed,2026-01-01,
DSP-389,CUST-1031,INV-107228,Service,Open,2026-01-30,
DSP-390,CUST-1046,INV-108078,Service,Closed,2026-01-01,
DSP-391,CUST-1197,INV-107908,Billing,Open,2026-02-17,
DSP-392,CUST-1007,INV-101282,Billing,Open,2026-01-14,
DSP-393,CUST-1161,INV-109154,Contract,Closed,2026-01-28,
DSP-394,CUST-1003,INV-107836,Service,Open,2026-01-31,
DSP-395,CUST-1035,INV-101310,Service,Closed,2026-01-23,
DSP-396,CUST-1171,INV-105318,Billing,Open,2026-02-11,
DSP-397,CUST-1152,INV-104662,Billing,Closed,2026-01-31,
DSP-398,CUST-1025,INV-109162,Contract,Closed,2026-02-26,
DSP-399,CUST-1032,INV-106127,Billing,Closed,2026-01-07,
DSP-400,CUST-1136,INV-109083,Billing,Closed,2026-01-20,
DSP-401,CUST-1046,INV-102275,Contract,Closed,2026-01-20,
DSP-402,CUST-1199,INV-108106,Service,Open,2026-01-31,
DSP-403,CUST-1144,INV-108039,Billing,Closed,2026-01-09,
DSP-404,CUST-1014,INV-106096,Billing,Closed,2026-01-11,
DSP-405,CUST-1169,INV-108055,Service,Closed,2026-01-06,
DSP-406,CUST-1053,INV-105681,Service,Closed,2026-02-27,
DSP-407,CUST-1140,INV-106835,Contract,Closed,2026-02-12,
DSP-408,CUST-1177,INV-105459,Service,Closed,2026-02-28,
DSP-409,CUST-1043,INV-109413,Billing,Closed,2026-02-15,
DSP-410,CUST-1002,INV-109168,Service,Open,2026-01-18,
DSP-411,CUST-1180,INV-101196,Contract,Open,2026-01-29,
DSP-412,CUST-1055,INV-107392,Billing,Open,2026-01-01,
DSP-413,CUST-1053,INV-108803,Contract,Closed,2026-02-23,
DSP-414,CUST-1184,INV-108815,Contract,Closed,2026-02-13,
DSP-415,CUST-1139,INV-106162,Contract,Closed,2026-02-02,
DSP-416,CUST-1092,INV-105764,Contract,Closed,2026-01-03,
DSP-417,CUST-1127,INV-109641,Contract,Closed,2026-02-07,
DSP-418,CUST-1186,INV-103613,Service,Open,2026-02-14,
DSP-419,CUST-1064,INV-103904,Contract,Closed,2026-02-06,
DSP-420,CUST-1095,INV-101829,Contract,Open,2026-02-10,
DSP-421,CUST-1036,INV-105258,Contract,Closed,2026-01-16,
DSP-422,CUST-1147,INV-107452,Billing,Closed,2026-02-07,
DSP-423,CUST-1199,INV-101805,Contract,Closed,2026-02-04,
DSP-424,CUST-1036,INV-105849,Billing,Closed,2026-01-26,
DSP-425,CUST-1158,INV-100481,Service,Open,2026-02-05,
DSP-426,CUST-1024,INV-106729,Contract,Closed,2026-01-21,
DSP-427,CUST-1049,INV-103304,Contract,Closed,2026-02-05,
DSP-428,CUST-1108,INV-103304,Contract,Open,2026-01-19,
DSP-429,CUST-1048,INV-103032,Service,Closed,2026-01-09,
DSP-430,CUST-1007,INV-102825,Billing,Open,2026-01-27,
DSP-431,CUST-1093,INV-102086,Contract,Open,2026-01-31,
DSP-432,CUST-1120,INV-107227,Service,Open,2026-01-15,
DSP-433,CUST-1090,INV-102655,Service,Closed,2026-02-01,
DSP-434,CUST-1162,INV-100225,Contract,Open,2026-01-29,
DSP-435,CUST-1113,INV-102966,Billing,Open,2026-01-09,
DSP-436,CUST-1012,INV-102527,Billing,Closed,2026-02-13,
DSP-437,CUST-1020,INV-106549,Service,Open,2026-02-06,
DSP-438,CUST-1072,INV-107125,Service,Closed,2026-01-17,
DSP-439,CUST-1151,INV-102390,Billing,Open,2026-02-18,
DSP-440,CUST-1175,INV-106866,Billing,Open,2026-03-01,
DSP-441,CUST-1032,INV-102837,Service,Closed,2026-01-14,
DSP-442,CUST-1000,INV-107101,Billing,Closed,2026-02-08,
DSP-443,CUST-1071,INV-105853,Contract,Closed,2026-02-20,
DSP-444,CUST-1002,INV-105141,Billing,Open,2026-02-09,
DSP-445,CUST-1141,INV-100638,Billing,Open,2026-02-23,
DSP-446,CUST-1141,INV-101915,Billing,Open,2026-01-06,
DSP-447,CUST-1176,INV-100025,Contract,Closed,2026-02-07,
DSP-448,CUST-1121,INV-107683,Contract,Open,2026-02-01,
DSP-449,CUST-1032,INV-109903,Contract,Closed,2026-01-06,
DSP-450,CUST-1003,INV-101580,Service,Closed,2026-02-20,
DSP-451,CUST-1037,INV-100386,Contract,Open,2026-02-23,
DSP-452,CUST-1152,INV-105852,Billing,Closed,2026-02-20,
DSP-453,CUST-1046,INV-109171,Billing,Open,2026-02-22,
DSP-454,CUST-1140,INV-105249,Service,Open,2026-02-01,
DSP-455,CUST-1118,INV-109143,Service,Closed,2026-02-18,
DSP-456,CUST-1116,INV-104580,Billing,Open,2026-02-03,
DSP-457,CUST-1166,INV-108128,Billing,Closed,2026-02-03,
DSP-458,CUST-1024,INV-108302,Contract,Closed,2026-01-12,
DSP-459,CUST-1101,INV-107401,Service,Open,2026-01-09,
DSP-460,CUST-1042,INV-106033,Contract,Open,2026-01-05,
DSP-461,CUST-1165,INV-108757,Contract,Closed,2026-01-17,
DSP-462,CUST-1034,INV-104990,Contract,Closed,2026-01-28,
DSP-463,CUST-1092,INV-104760,Contract,Open,2026-02-19,
DSP-464,CUST-1182,INV-109968,Contract,Open,2026-01-22,
DSP-465,CUST-1049,INV-102238,Billing,Open,2026-01-06,
DSP-466,CUST-1077,INV-107054,Contract,Closed,2026-02-19,
DSP-467,CUST-1033,INV-105933,Service,Open,2026-02-01,
DSP-468,CUST-1152,INV-103097,Service,Closed,2026-01-19,
DSP-469,CUST-1169,INV-104205,Contract,Closed,2026-02-21,
DSP-470,CUST-1091,INV-108083,Service,Open,2026-02-27,
DSP-471,CUST-1178,INV-102498,Service,Open,2026-02-17,
DSP-472,CUST-1093,INV-108980,Billing,Closed,2026-02-14,
DSP-473,CUST-1164,INV-102721,Billing,Closed,2026-01-17,
DSP-474,CUST-1065,INV-101011,Contract,Open,2026-03-01,
DSP-475,CUST-1084,INV-101524,Billing,Open,2026-01-10,
DSP-476,CUST-1033,INV-103608,Contract,Open,2026-02-28,
DSP-477,CUST-1165,INV-104288,Service,Closed,2026-01-15,
DSP-478,CUST-1158,INV-106943,Service,Closed,2026-02-19,
DSP-479,CUST-1153,INV-108959,Billing,Open,2026-02-08,
DSP-480,CUST-1075,INV-101390,Service,Closed,2026-02-07,
DSP-481,CUST-1153,INV-105282,Contract,Closed,2026-02-17,
DSP-482,CUST-1190,INV-102999,Contract,Closed,2026-01-21,
DSP-483,CUST-1175,INV-104367,Billing,Open,2026-02-09,
DSP-484,CUST-1126,INV-108735,Service,Closed,2026-01-03,
DSP-485,CUST-1124,INV-105358,Service,Closed,2026-01-30,
DSP-486,CUST-1094,INV-107556,Contract,Open,2026-01-15,
DSP-487,CUST-1111,INV-105129,Contract,Open,2026-01-27,
DSP-488,CUST-1078,INV-100327,Billing,Open,2026-01-31,
DSP-489,CUST-1009,INV-105710,Billing,Closed,2026-01-16,
DSP-490,CUST-1035,INV-105907,Billing,Open,2026-01-28,
DSP-491,CUST-1167,INV-104440,Billing,Closed,2026-02-14,
DSP-492,CUST-1153,INV-106233,Contract,Open,2026-02-09,
DSP-493,CUST-1136,INV-102499,Billing,Closed,2026-02-06,
DSP-494,CUST-1180,INV-101865,Contract,Closed,2026-02-12,
DSP-495,CUST-1197,INV-104668,Service,Closed,2026-01-09,
DSP-496,CUST-1085,INV-106542,Billing,Open,2026-01-09,
DSP-497,CUST-1052,INV-104767,Contract,Closed,2026-01-12,
DSP-498,CUST-1166,INV-109311,Service,Closed,2026-01-28,
DSP-499,CUST-1060,INV-102837,Billing,Open,2026-01-07,
DSP-500,CUST-1051,INV-107691,Billing,Closed,2026-03-01,
DSP-501,CUST-1195,INV-102879,Contract,Closed,2026-03-01,
DSP-502,CUST-1195,INV-106986,Contract,Closed,2026-02-04,
DSP-503,CUST-1169,INV-103415,Contract,Closed,2026-02-05,
DSP-504,CUST-1194,INV-104842,Billing,Open,2026-02-16,
DSP-505,CUST-1095,INV-106764,Service,Closed,2026-02-07,
DSP-506,CUST-1074,INV-102354,Billing,Open,2026-01-01,
DSP-507,CUST-1178,INV-109842,Billing,Closed,2026-02-03,
DSP-508,CUST-1130,INV-106371,Contract,Open,2026-01-22,
DSP-509,CUST-1140,INV-105348,Service,Open,2026-01-30,
DSP-510,CUST-1107,INV-100386,Billing,Open,2026-02-26,
DSP-511,CUST-1140,INV-107538,Contract,Closed,2026-01-20,
DSP-512,CUST-1119,INV-107515,Billing,Open,2026-02-20,
DSP-513,CUST-1120,INV-106969,Contract,Open,2026-01-08,
DSP-514,CUST-1060,INV-107724,Billing,Closed,2026-02-14,
DSP-515,CUST-1023,INV-100023,Contract,Open,2026-01-07,
DSP-516,CUST-1147,INV-104018,Billing,Closed,2026-01-02,
DSP-517,CUST-1073,INV-106660,Contract,Open,2026-02-27,
DSP-518,CUST-1096,INV-105712,Billing,Open,2026-01-30,
DSP-519,CUST-1182,INV-100177,Service,Open,2026-01-12,
DSP-520,CUST-1034,INV-104555,Service,Open,2026-02-05,
DSP-521,CUST-1077,INV-106545,Contract,Closed,2026-02-11,
DSP-522,CUST-1079,INV-109401,Service,Open,2026-02-07,
DSP-523,CUST-1029,INV-107070,Service,Open,2026-01-27,
DSP-524,CUST-1082,INV-106646,Billing,Open,2026-02-03,
DSP-525,CUST-1160,INV-109377,Service,Closed,2026-02-07,
DSP-526,CUST-1040,INV-108031,Service,Closed,2026-01-11,
DSP-527,CUST-1193,INV-109673,Service,Closed,2026-02-26,
DSP-528,CUST-1101,INV-102914,Service,Closed,2026-01-20,
DSP-529,CUST-1176,INV-109294,Contract,Closed,2026-01-30,
DSP-530,CUST-1007,INV-107450,Service,Closed,2026-02-12,
DSP-531,CUST-1083,INV-102586,Contract,Closed,2026-02-01,
DSP-532,CUST-1130,INV-107542,Service,Closed,2026-01-26,
DSP-533,CUST-1064,INV-108576,Billing,Closed,2026-01-23,
DSP-534,CUST-1084,INV-105195,Service,Closed,2026-02-10,
DSP-535,CUST-1120,INV-106550,Billing,Closed,2026-01-24,
DSP-536,CUST-1113,INV-109981,Service,Open,2026-01-02,
DSP-537,CUST-1199,INV-104915,Service,Open,2026-02-10,
DSP-538,CUST-1129,INV-100952,Billing,Closed,2026-02-01,
DSP-539,CUST-1168,INV-100598,Contract,Open,2026-02-25,
DSP-540,CUST-1180,INV-104018,Billing,Open,2026-02-22,
DSP-541,CUST-1143,INV-102002,Contract,Closed,2026-02-26,
DSP-542,CUST-1136,INV-102170,Billing,Open,2026-02-17,
DSP-543,CUST-1095,INV-109683,Service,Closed,2026-01-15,
DSP-544,CUST-1110,INV-108446,Contract,Closed,2026-01-06,
DSP-545,CUST-1038,INV-106988,Contract,Open,2026-01-16,
DSP-546,CUST-1191,INV-108475,Service,Open,2026-01-11,
DSP-547,CUST-1163,INV-106909,Contract,Closed,2026-02-14,
DSP-548,CUST-1150,INV-106613,Billing,Closed,2026-02-15,
DSP-549,CUST-1174,INV-103239,Contract,Open,2026-01-09,
DSP-550,CUST-1176,INV-103274,Billing,Open,2026-02-26,
DSP-551,CUST-1182,INV-107263,Billing,Open,2026-01-03,
DSP-552,CUST-1118,INV-102775,Service,Open,2026-01-07,
DSP-553,CUST-1093,INV-104711,Service,Closed,2026-02-21,
DSP-554,CUST-1137,INV-103455,Service,Open,2026-02-21,
DSP-555,CUST-1062,INV-101081,Billing,Open,2026-01-30,
DSP-556,CUST-1094,INV-105053,Contract,Closed,2026-02-24,
DSP-557,CUST-1107,INV-105804,Billing,Closed,2026-01-22,
DSP-558,CUST-1025,INV-108831,Contract,Open,2026-01-04,
DSP-559,CUST-1175,INV-106478,Billing,Open,2026-01-05,
DSP-560,CUST-1157,INV-107148,Service,Open,2026-01-22,
DSP-561,CUST-1129,INV-100782,Service,Open,2026-01-04,
DSP-562,CUST-1028,INV-101341,Billing,Open,2026-02-09,
DSP-563,CUST-1181,INV-109381,Contract,Closed,2026-01-04,
DSP-564,CUST-1159,INV-105106,Billing,Closed,2026-02-12,
DSP-565,CUST-1107,INV-100619,Service,Closed,2026-02-14,
DSP-566,CUST-1165,INV-107795,Service,Closed,2026-01-15,
DSP-567,CUST-1020,INV-101367,Service,Open,2026-03-01,
DSP-568,CUST-1026,INV-109926,Contract,Open,2026-01-16,
DSP-569,CUST-1033,INV-100714,Billing,Closed,2026-02-11,
DSP-570,CUST-1022,INV-100966,Contract,Open,2026-01-20,
DSP-571,CUST-1077,INV-106945,Billing,Open,2026-02-27,
DSP-572,CUST-1166,INV-104296,Billing,Closed,2026-01-10,
DSP-573,CUST-1068,INV-107163,Service,Open,2026-02-02,
DSP-574,CUST-1116,INV-103178,Service,Closed,2026-01-31,
DSP-575,CUST-1072,INV-102803,Contract,Closed,2026-02-07,
DSP-576,CUST-1044,INV-107902,Service,Open,2026-02-13,
DSP-577,CUST-1062,INV-100468,Billing,Open,2026-01-01,
DSP-578,CUST-1007,INV-105269,Service,Closed,2026-01-25,
DSP-579,CUST-1134,INV-101340,Billing,Open,2026-02-06,
DSP-580,CUST-1029,INV-107286,Contract,Open,2026-01-18,
DSP-581,CUST-1011,INV-104303,Service,Closed,2026-01-25,
DSP-582,CUST-1019,INV-101012,Service,Open,2026-02-25,
DSP-583,CUST-1191,INV-102067,Billing,Closed,2026-01-15,
DSP-584,CUST-1156,INV-108149,Service,Open,2026-01-04,
DSP-585,CUST-1119,INV-108549,Contract,Open,2026-02-04,
DSP-586,CUST-1182,INV-102732,Contract,Closed,2026-01-04,
DSP-587,CUST-1011,INV-104238,Service,Open,2026-02-11,
DSP-588,CUST-1083,INV-107304,Billing,Closed,2026-01-20,
DSP-589,CUST-1021,INV-106756,Contract,Open,2026-01-12,
DSP-590,CUST-1150,INV-102219,Service,Open,2026-01-30,
DSP-591,CUST-1175,INV-109870,Service,Open,2026-02-10,
DSP-592,CUST-1044,INV-106699,Contract,Closed,2026-01-22,
DSP-593,CUST-1025,INV-103703,Billing,Open,2026-02-05,
DSP-594,CUST-1108,INV-104725,Service,Open,2026-02-03,
DSP-595,CUST-1110,INV-100853,Service,Closed,2026-01-27,
DSP-596,CUST-1106,INV-100395,Billing,Closed,2026-01-25,
DSP-597,CUST-1027,INV-102970,Billing,Open,2026-02-08,
DSP-598,CUST-1182,INV-109106,Service,Closed,2026-01-12,
DSP-599,CUST-1072,INV-102018,Billing,Closed,2026-02-28,
DSP-600,CUST-1196,INV-104856,Billing,Closed,2026-01-12,
DSP-601,CUST-1001,INV-107103,Billing,Open,2026-01-21,
DSP-602,CUST-1105,INV-102923,Service,Open,2026-02-19,
DSP-603,CUST-1027,INV-103121,Billing,Open,2026-02-02,
DSP-604,CUST-1076,INV-108956,Contract,Closed,2026-01-07,
DSP-605,CUST-1180,INV-108038,Contract,Open,2026-01-19,
DSP-606,CUST-1141,INV-102702,Billing,Open,2026-01-24,
DSP-607,CUST-1106,INV-106803,Contract,Closed,2026-02-14,
DSP-608,CUST-1173,INV-101368,Billing,Closed,2026-01-20,
DSP-609,CUST-1124,INV-103593,Billing,Closed,2026-01-05,
DSP-610,CUST-1077,INV-107791,Contract,Open,2026-01-30,
DSP-611,CUST-1066,INV-102289,Service,Closed,2026-02-20,
DSP-612,CUST-1197,INV-102492,Billing,Open,2026-01-07,
DSP-613,CUST-1147,INV-105680,Billing,Closed,2026-01-20,
DSP-614,CUST-1034,INV-102096,Contract,Closed,2026-02-16,
DSP-615,CUST-1175,INV-109209,Contract,Closed,2026-01-17,
DSP-616,CUST-1170,INV-107499,Billing,Closed,2026-02-22,
DSP-617,CUST-1019,INV-101568,Contract,Closed,2026-02-03,
DSP-618,CUST-1112,INV-100845,Service,Open,2026-01-07,
DSP-619,CUST-1055,INV-104276,Service,Open,2026-01-11,
DSP-620,CUST-1107,INV-104885,Service,Open,2026-01-18,
DSP-621,CUST-1002,INV-101244,Billing,Open,2026-01-30,
DSP-622,CUST-1067,INV-104737,Contract,Closed,2026-01-20,
DSP-623,CUST-1138,INV-100915,Contract,Closed,2026-01-02,
DSP-624,CUST-1061,INV-107172,Billing,Closed,2026-01-07,
DSP-625,CUST-1104,INV-100474,Billing,Open,2026-01-27,
DSP-626,CUST-1060,INV-108017,Contract,Closed,2026-01-15,
DSP-627,CUST-1185,INV-105589,Billing,Open,2026-01-19,
DSP-628,CUST-1120,INV-105324,Contract,Open,2026-02-03,
DSP-629,CUST-1028,INV-105899,Contract,Open,2026-01-02,
DSP-630,CUST-1165,INV-105535,Billing,Open,2026-01-28,
DSP-631,CUST-1083,INV-108633,Billing,Open,2026-01-02,
DSP-632,CUST-1087,INV-108134,Billing,Open,2026-01-11,
DSP-633,CUST-1086,INV-102404,Billing,Closed,2026-01-06,
DSP-634,CUST-1021,INV-108388,Billing,Closed,2026-02-25,
DSP-635,CUST-1040,INV-102386,Billing,Closed,2026-01-23,
DSP-636,CUST-1109,INV-105425,Contract,Open,2026-02-15,
DSP-637,CUST-1062,INV-107591,Service,Closed,2026-01-10,
DSP-638,CUST-1124,INV-106984,Billing,Open,2026-02-02,
DSP-639,CUST-1165,INV-101161,Contract,Open,2026-01-19,
DSP-640,CUST-1111,INV-107181,Contract,Open,2026-01-11,
DSP-641,CUST-1177,INV-102093,Contract,Open,2026-01-24,
DSP-642,CUST-1104,INV-105671,Contract,Closed,2026-03-01,
DSP-643,CUST-1134,INV-102161,Billing,Closed,2026-02-25,
DSP-644,CUST-1151,INV-101170,Contract,Open,2026-01-28,
DSP-645,CUST-1107,INV-102289,Service,Closed,2026-02-14,
DSP-646,CUST-1100,INV-101393,Billing,Open,2026-01-12,
DSP-647,CUST-1173,INV-106600,Service,Closed,2026-02-26,
DSP-648,CUST-1152,INV-100192,Service,Open,2026-01-28,
DSP-649,CUST-1028,INV-108261,Contract,Closed,2026-02-24,
DSP-650,CUST-1066,INV-102917,Service,Closed,2026-01-05,
DSP-651,CUST-1102,INV-102940,Billing,Closed,2026-01-19,
DSP-652,CUST-1079,INV-104220,Contract,Closed,2026-01-08,
DSP-653,CUST-1149,INV-103217,Billing,Open,2026-02-13,
DSP-654,CUST-1084,INV-104836,Billing,Open,2026-02-06,
DSP-655,CUST-1085,INV-101158,Service,Closed,2026-01-28,
DSP-656,CUST-1136,INV-109634,Service,Open,2026-02-13,
DSP-657,CUST-1086,INV-108714,Billing,Open,2026-02-12,
DSP-658,CUST-1176,INV-107292,Contract,Open,2026-01-05,
DSP-659,CUST-1127,INV-102313,Billing,Open,2026-01-08,
DSP-660,CUST-1113,INV-103425,Service,Open,2026-02-17,
DSP-661,CUST-1035,INV-108023,Billing,Open,2026-01-24,
DSP-662,CUST-1004,INV-103147,Service,Closed,2026-02-25,
DSP-663,CUST-1003,INV-106536,Billing,Closed,2026-01-20,
DSP-664,CUST-1023,INV-107125,Service,Closed,2026-02-04,
DSP-665,CUST-1168,INV-101645,Billing,Closed,2026-01-06,
DSP-666,CUST-1106,INV-106151,Service,Closed,2026-01-05,
DSP-667,CUST-1013,INV-100687,Contract,Open,2026-01-10,
DSP-668,CUST-1011,INV-108399,Contract,Closed,2026-02-22,
DSP-669,CUST-1081,INV-106240,Contract,Closed,2026-01-28,
DSP-670,CUST-1043,INV-106758,Contract,Open,2026-01-12,
DSP-671,CUST-1136,INV-100261,Billing,Closed,2026-02-22,
DSP-672,CUST-1065,INV-103130,Billing,Open,2026-01-15,
DSP-673,CUST-1165,INV-107496,Service,Open,2026-01-03,
DSP-674,CUST-1095,INV-100611,Billing,Closed,2026-01-23,
DSP-675,CUST-1076,INV-108930,Billing,Closed,2026-02-22,
DSP-676,CUST-1056,INV-100184,Service,Closed,2026-02-21,
DSP-677,CUST-1174,INV-100668,Billing,Closed,2026-02-05,
DSP-678,CUST-1182,INV-106466,Contract,Open,2026-01-07,
DSP-679,CUST-1129,INV-104860,Contract,Open,2026-01-01,
DSP-680,CUST-1124,INV-109788,Billing,Open,2026-01-08,
DSP-681,CUST-1111,INV-105493,Billing,Closed,2026-01-27,
DSP-682,CUST-1101,INV-100215,Service,Open,2026-02-18,
DSP-683,CUST-1082,INV-109470,Billing,Closed,2026-01-22,
DSP-684,CUST-1145,INV-104637,Contract,Open,2026-02-21,
DSP-685,CUST-1107,INV-104963,Service,Open,2026-01-31,
DSP-686,CUST-1065,INV-105302,Service,Closed,2026-02-12,
DSP-687,CUST-1184,INV-103222,Service,Open,2026-02-08,
DSP-688,CUST-1063,INV-105412,Billing,Open,2026-01-11,
DSP-689,CUST-1154,INV-108945,Billing,Closed,2026-02-12,
DSP-690,CUST-1052,INV-105027,Billing,Closed,2026-02-23,
DSP-691,CUST-1186,INV-109124,Service,Open,2026-01-21,
DSP-692,CUST-1117,INV-102482,Service,Open,2026-02-22,
DSP-693,CUST-1028,INV-109027,Contract,Open,2026-01-15,
DSP-694,CUST-1121,INV-105837,Contract,Closed,2026-01-28,
DSP-695,CUST-1110,INV-100363,Billing,Closed,2026-02-07,
DSP-696,CUST-1071,INV-103774,Billing,Closed,2026-02-28,
DSP-697,CUST-1013,INV-104588,Contract,Open,2026-01-23,
DSP-698,CUST-1067,INV-109508,Contract,Open,2026-01-27,
DSP-699,CUST-1042,INV-100626,Billing,Closed,2026-01-19,
DSP-700,CUST-1112,INV-108734,Billing,Open,2026-02-14,
DSP-701,CUST-1028,INV-105837,Billing,Open,2026-01-16,
DSP-702,CUST-1056,INV-101176,Billing,Closed,2026-01-12,
DSP-703,CUST-1117,INV-100456,Contract,Closed,2026-02-20,
DSP-704,CUST-1032,INV-109368,Billing,Open,2026-01-23,
DSP-705,CUST-1020,INV-108552,Billing,Open,2026-02-20,
DSP-706,CUST-1168,INV-104781,Contract,Open,2026-01-07,
DSP-707,CUST-1112,INV-108477,Contract,Open,2026-02-19,
DSP-708,CUST-1128,INV-100403,Billing,Open,2026-02-25,
DSP-709,CUST-1154,INV-100384,Billing,Open,2026-02-15,
DSP-710,CUST-1001,INV-102190,Service,Closed,2026-02-26,
DSP-711,CUST-1063,INV-100254,Billing,Open,2026-02-15,
DSP-712,CUST-1178,INV-108305,Billing,Open,2026-02-23,
DSP-713,CUST-1125,INV-108115,Contract,Open,2026-01-30,
DSP-714,CUST-1117,INV-108093,Billing,Open,2026-01-16,
DSP-715,CUST-1181,INV-106792,Billing,Closed,2026-02-19,
DSP-716,CUST-1073,INV-106724,Service,Open,2026-03-01,
DSP-717,CUST-1073,INV-101262,Billing,Open,2026-02-01,
DSP-718,CUST-1157,INV-105793,Billing,Open,2026-02-10,
DSP-719,CUST-1128,INV-104640,Contract,Closed,2026-03-01,
DSP-720,CUST-1156,INV-101505,Service,Open,2026-01-21,
DSP-721,CUST-1140,INV-103961,Billing,Closed,2026-01-04,
DSP-722,CUST-1042,INV-104160,Service,Open,2026-01-07,
DSP-723,CUST-1040,INV-109394,Billing,Closed,2026-01-27,
DSP-724,CUST-1088,INV-102462,Billing,Closed,2026-02-12,
DSP-725,CUST-1185,INV-106522,Contract,Closed,2026-01-06,
DSP-726,CUST-1076,INV-107622,Billing,Closed,2026-01-20,
DSP-727,CUST-1141,INV-107212,Service,Closed,2026-02-13,
DSP-728,CUST-1040,INV-108736,Service,Open,2026-02-13,
DSP-729,CUST-1194,INV-103177,Billing,Open,2026-01-12,
DSP-730,CUST-1181,INV-105087,Service,Open,2026-02-28,
DSP-731,CUST-1005,INV-109778,Contract,Closed,2026-01-14,
DSP-732,CUST-1045,INV-103716,Service,Closed,2026-02-11,
DSP-733,CUST-1128,INV-109509,Service,Open,2026-02-03,
DSP-734,CUST-1028,INV-101668,Billing,Open,2026-02-21,
DSP-735,CUST-1122,INV-108247,Service,Closed,2026-02-13,
DSP-736,CUST-1153,INV-104944,Contract,Closed,2026-01-17,
DSP-737,CUST-1185,INV-109158,Service,Closed,2026-02-09,
DSP-738,CUST-1086,INV-102498,Contract,Closed,2026-01-20,
DSP-739,CUST-1130,INV-101331,Contract,Open,2026-01-02,
DSP-740,CUST-1059,INV-109591,Contract,Open,2026-01-21,
DSP-741,CUST-1141,INV-103547,Contract,Closed,2026-01-12,
DSP-742,CUST-1097,INV-103902,Service,Open,2026-03-01,
DSP-743,CUST-1022,INV-106676,Service,Closed,2026-01-13,
DSP-744,CUST-1189,INV-109826,Billing,Open,2026-01-01,
DSP-745,CUST-1009,INV-102920,Contract,Closed,2026-01-18,
DSP-746,CUST-1003,INV-103689,Billing,Open,2026-01-14,
DSP-747,CUST-1038,INV-107545,Contract,Open,2026-01-31,
DSP-748,CUST-1112,INV-103575,Contract,Closed,2026-01-24,
DSP-749,CUST-1087,INV-104395,Contract,Open,2026-01-12,
DSP-750,CUST-1033,INV-100216,Service,Closed,2026-02-21,
DSP-751,CUST-1119,INV-102817,Contract,Open,2026-01-25,
DSP-752,CUST-1024,INV-100107,Contract,Open,2026-02-27,
DSP-753,CUST-1179,INV-106497,Billing,Closed,2026-02-05,
DSP-754,CUST-1014,INV-109358,Contract,Open,2026-01-14,
DSP-755,CUST-1011,INV-104838,Billing,Closed,2026-01-18,
DSP-756,CUST-1128,INV-106054,Service,Open,2026-01-24,
DSP-757,CUST-1105,INV-101447,Service,Open,2026-01-26,
DSP-758,CUST-1119,INV-101198,Contract,Closed,2026-01-30,
DSP-759,CUST-1136,INV-109419,Contract,Open,2026-01-04,
DSP-760,CUST-1058,INV-104595,Billing,Closed,2026-02-09,
DSP-761,CUST-1141,INV-108499,Billing,Open,2026-01-29,
DSP-762,CUST-1104,INV-101669,Service,Open,2026-01-18,
DSP-763,CUST-1030,INV-109391,Contract,Open,2026-01-04,
DSP-764,CUST-1052,INV-103769,Contract,Closed,2026-02-28,
DSP-765,CUST-1190,INV-107385,Billing,Open,2026-02-28,
DSP-766,CUST-1137,INV-109858,Billing,Closed,2026-02-02,
DSP-767,CUST-1105,INV-102399,Service,Closed,2026-02-25,
DSP-768,CUST-1170,INV-102193,Service,Closed,2026-02-07,
DSP-769,CUST-1145,INV-101883,Contract,Open,2026-02-14,
DSP-770,CUST-1066,INV-105536,Billing,Closed,2026-01-02,
DSP-771,CUST-1058,INV-108336,Service,Open,2026-02-20,
DSP-772,CUST-1075,INV-108267,Billing,Open,2026-01-12,
DSP-773,CUST-1098,INV-102772,Service,Closed,2026-01-22,
DSP-774,CUST-1107,INV-108577,Contract,Closed,2026-01-26,
DSP-775,CUST-1022,INV-102214,Service,Closed,2026-01-14,
DSP-776,CUST-1085,INV-100446,Service,Closed,2026-01-09,
DSP-777,CUST-1045,INV-104496,Billing,Open,2026-01-10,
DSP-778,CUST-1176,INV-106259,Service,Closed,2026-01-07,
DSP-779,CUST-1150,INV-109315,Billing,Open,2026-02-10,
DSP-780,CUST-1139,INV-102081,Contract,Open,2026-02-16,
DSP-781,CUST-1028,INV-102463,Contract,Open,2026-02-27,
DSP-782,CUST-1087,INV-106961,Service,Open,2026-01-20,
DSP-783,CUST-1058,INV-100597,Contract,Closed,2026-01-15,
DSP-784,CUST-1052,INV-106886,Billing,Closed,2026-02-25,
DSP-785,CUST-1067,INV-108569,Billing,Open,2026-02-12,
DSP-786,CUST-1100,INV-100882,Service,Open,2026-02-19,
DSP-787,CUST-1190,INV-102816,Contract,Closed,2026-02-03,
DSP-788,CUST-1028,INV-103560,Billing,Closed,2026-03-01,
DSP-789,CUST-1002,INV-103393,Billing,Closed,2026-02-21,
DSP-790,CUST-1094,INV-107335,Billing,Closed,2026-02-20,
DSP-791,CUST-1088,INV-107731,Billing,Closed,2026-01-24,
DSP-792,CUST-1110,INV-108193,Billing,Closed,2026-01-02,
DSP-793,CUST-1164,INV-109916,Contract,Open,2026-01-20,
DSP-794,CUST-1062,INV-101946,Service,Closed,2026-01-13,
DSP-795,CUST-1022,INV-105825,Service,Closed,2026-01-25,
DSP-796,CUST-1176,INV-103414,Billing,Closed,2026-02-26,
DSP-797,CUST-1085,INV-100957,Contract,Open,2026-02-05,
DSP-798,CUST-1114,INV-103275,Contract,Closed,2026-01-03,
DSP-799,CUST-1076,INV-103859,Billing,Closed,2026-02-16,
DSP-800,CUST-1130,INV-109907,Contract,Open,2026-01-12,
DSP-801,CUST-1109,INV-109721,Service,Closed,2026-03-01,
DSP-802,CUST-1149,INV-109488,Billing,Closed,2026-02-02,
DSP-803,CUST-1112,INV-103692,Billing,Closed,2026-01-28,
DSP-804,CUST-1035,INV-102336,Service,Closed,2026-01-11,
DSP-805,CUST-1137,INV-104406,Service,Closed,2026-01-17,
DSP-806,CUST-1119,INV-102250,Contract,Open,2026-02-09,
DSP-807,CUST-1008,INV-102145,Contract,Open,2026-01-14,
DSP-808,CUST-1055,INV-100363,Service,Open,2026-01-31,
DSP-809,CUST-1182,INV-106136,Contract,Open,2026-02-26,
DSP-810,CUST-1146,INV-101514,Service,Closed,2026-02-26,
DSP-811,CUST-1071,INV-105978,Contract,Closed,2026-01-05,
DSP-812,CUST-1032,INV-105198,Contract,Open,2026-02-16,
DSP-813,CUST-1147,INV-108511,Billing,Closed,2026-01-02,
DSP-814,CUST-1034,INV-103159,Billing,Open,2026-03-01,
DSP-815,CUST-1122,INV-108359,Service,Closed,2026-02-08,
DSP-816,CUST-1030,INV-102233,Service,Closed,2026-01-13,
DSP-817,CUST-1177,INV-108786,Service,Open,2026-01-20,
DSP-818,CUST-1118,INV-101012,Contract,Open,2026-01-11,
DSP-819,CUST-1045,INV-107190,Billing,Closed,2026-01-14,
DSP-820,CUST-1077,INV-104710,Billing,Open,2026-02-11,
DSP-821,CUST-1009,INV-106494,Service,Open,2026-01-04,
DSP-822,CUST-1066,INV-103421,Contract,Closed,2026-02-21,
DSP-823,CUST-1118,INV-101542,Service,Open,2026-02-16,
DSP-824,CUST-1161,INV-107276,Billing,Open,2026-02-27,
DSP-825,CUST-1050,INV-109018,Billing,Closed,2026-01-03,
DSP-826,CUST-1038,INV-103441,Billing,Closed,2026-01-11,
DSP-827,CUST-1195,INV-106914,Billing,Open,2026-02-21,
DSP-828,CUST-1139,INV-104207,Service,Open,2026-02-19,
DSP-829,CUST-1153,INV-101121,Service,Closed,2026-01-25,
DSP-830,CUST-1198,INV-106668,Service,Open,2026-01-23,
DSP-831,CUST-1066,INV-104262,Contract,Closed,2026-01-17,
DSP-832,CUST-1089,INV-109496,Billing,Open,2026-02-22,
DSP-833,CUST-1120,INV-106312,Service,Open,2026-01-31,
DSP-834,CUST-1129,INV-106369,Service,Open,2026-01-14,
DSP-835,CUST-1011,INV-101959,Billing,Open,2026-02-16,
DSP-836,CUST-1058,INV-108679,Service,Closed,2026-01-18,
DSP-837,CUST-1124,INV-106478,Contract,Closed,2026-01-03,
DSP-838,CUST-1031,INV-109730,Billing,Closed,2026-02-14,
DSP-839,CUST-1050,INV-100435,Service,Closed,2026-02-04,
DSP-840,CUST-1123,INV-108021,Contract,Closed,2026-02-08,
DSP-841,CUST-1101,INV-101121,Service,Closed,2026-01-19,
DSP-842,CUST-1010,INV-104420,Billing,Open,2026-01-23,
DSP-843,CUST-1031,INV-107976,Billing,Open,2026-01-31,
DSP-844,CUST-1191,INV-108661,Billing,Open,2026-03-01,
DSP-845,CUST-1172,INV-103899,Contract,Closed,2026-02-28,
DSP-846,CUST-1053,INV-102549,Billing,Open,2026-01-24,
DSP-847,CUST-1005,INV-101275,Billing,Open,2026-02-19,
DSP-848,CUST-1025,INV-106577,Contract,Closed,2026-01-17,
DSP-849,CUST-1007,INV-103326,Contract,Open,2026-03-01,
DSP-850,CUST-1135,INV-104504,Billing,Open,2026-02-23,
DSP-851,CUST-1037,INV-108171,Contract,Open,2026-01-27,
DSP-852,CUST-1135,INV-105445,Contract,Closed,2026-01-09,
DSP-853,CUST-1016,INV-109313,Service,Open,2026-02-01,
DSP-854,CUST-1102,INV-107316,Service,Open,2026-01-14,
DSP-855,CUST-1082,INV-108541,Billing,Closed,2026-01-22,
DSP-856,CUST-1124,INV-102170,Service,Closed,2026-02-09,
DSP-857,CUST-1130,INV-107479,Billing,Closed,2026-01-14,
DSP-858,CUST-1168,INV-100258,Contract,Open,2026-02-06,
DSP-859,CUST-1112,INV-102452,Service,Open,2026-02-25,
DSP-860,CUST-1052,INV-107378,Contract,Open,2026-02-21,
DSP-861,CUST-1109,INV-102002,Service,Closed,2026-01-14,
DSP-862,CUST-1120,INV-100176,Service,Closed,2026-01-28,
DSP-863,CUST-1096,INV-101603,Service,Open,2026-02-13,
DSP-864,CUST-1095,INV-108478,Contract,Closed,2026-02-23,
DSP-865,CUST-1197,INV-106090,Service,Closed,2026-02-09,
DSP-866,CUST-1061,INV-104554,Service,Open,2026-02-02,
DSP-867,CUST-1052,INV-105040,Service,Open,2026-02-17,
DSP-868,CUST-1186,INV-104867,Contract,Open,2026-01-22,
DSP-869,CUST-1092,INV-103708,Billing,Closed,2026-02-09,
DSP-870,CUST-1100,INV-105839,Service,Open,2026-02-06,
DSP-871,CUST-1125,INV-106584,Service,Closed,2026-02-04,
DSP-872,CUST-1082,INV-102359,Service,Open,2026-02-14,
DSP-873,CUST-1094,INV-102309,Billing,Open,2026-01-28,
DSP-874,CUST-1082,INV-102995,Billing,Closed,2026-02-06,
DSP-875,CUST-1150,INV-107974,Contract,Closed,2026-01-03,
DSP-876,CUST-1174,INV-104206,Service,Closed,2026-01-22,
DSP-877,CUST-1162,INV-109288,Billing,Closed,2026-02-15,
DSP-878,CUST-1013,INV-101633,Contract,Closed,2026-02-07,
DSP-879,CUST-1064,INV-107972,Billing,Open,2026-02-22,
DSP-880,CUST-1112,INV-101661,Service,Open,2026-02-08,
DSP-881,CUST-1048,INV-100987,Billing,Open,2026-01-23,
DSP-882,CUST-1163,INV-103121,Billing,Open,2026-01-06,
DSP-883,CUST-1128,INV-104874,Billing,Closed,2026-01-14,
DSP-884,CUST-1083,INV-107885,Service,Open,2026-01-22,
DSP-885,CUST-1021,INV-107931,Billing,Open,2026-02-05,
DSP-886,CUST-1162,INV-102843,Service,Closed,2026-01-20,
DSP-887,CUST-1002,INV-106715,Contract,Open,2026-02-20,
DSP-888,CUST-1139,INV-100574,Service,Closed,2026-02-11,
DSP-889,CUST-1164,INV-103260,Service,Open,2026-01-23,
DSP-890,CUST-1057,INV-105109,Service,Closed,2026-01-13,
DSP-891,CUST-1076,INV-105782,Service,Closed,2026-02-13,
DSP-892,CUST-1011,INV-106078,Service,Closed,2026-02-15,
DSP-893,CUST-1001,INV-109874,Billing,Closed,2026-02-14,
DSP-894,CUST-1125,INV-107313,Contract,Open,2026-02-20,
DSP-895,CUST-1083,INV-109393,Service,Open,2026-01-09,
DSP-896,CUST-1192,INV-100146,Service,Closed,2026-02-17,
DSP-897,CUST-1185,INV-109958,Contract,Closed,2026-02-10,
DSP-898,CUST-1059,INV-102791,Service,Closed,2026-01-06,
DSP-899,CUST-1040,INV-108462,Billing,Closed,2026-02-15,
DSP-900,CUST-1162,INV-100015,Contract,Closed,2026-01-28,
DSP-901,CUST-1101,INV-102963,Billing,Open,2026-01-07,
DSP-902,CUST-1010,INV-103583,Contract,Closed,2026-01-19,
DSP-903,CUST-1179,INV-104242,Billing,Closed,2026-01-31,
DSP-904,CUST-1179,INV-106598,Contract,Closed,2026-02-04,
DSP-905,CUST-1106,INV-107570,Contract,Closed,2026-01-29,
DSP-906,CUST-1061,INV-105807,Billing,Closed,2026-02-16,
DSP-907,CUST-1190,INV-101031,Billing,Open,2026-02-13,
DSP-908,CUST-1014,INV-109916,Service,Open,2026-02-02,
DSP-909,CUST-1069,INV-108204,Contract,Open,2026-02-12,
DSP-910,CUST-1039,INV-101225,Contract,Closed,2026-01-22,
DSP-911,CUST-1008,INV-108850,Contract,Open,2026-01-03,
DSP-912,CUST-1113,INV-103945,Billing,Closed,2026-02-18,
DSP-913,CUST-1197,INV-108032,Billing,Open,2026-01-13,
DSP-914,CUST-1144,INV-105085,Contract,Open,2026-02-09,
DSP-915,CUST-1150,INV-103618,Service,Closed,2026-01-13,
DSP-916,CUST-1057,INV-106087,Contract,Open,2026-02-09,
DSP-917,CUST-1079,INV-101391,Contract,Closed,2026-02-09,
DSP-918,CUST-1050,INV-105912,Contract,Closed,2026-02-25,
DSP-919,CUST-1056,INV-103177,Service,Open,2026-01-13,
DSP-920,CUST-1085,INV-102418,Contract,Closed,2026-01-12,
DSP-921,CUST-1143,INV-102157,Billing,Open,2026-01-05,
DSP-922,CUST-1172,INV-107158,Service,Closed,2026-01-13,
DSP-923,CUST-1188,INV-102378,Service,Closed,2026-02-24,
DSP-924,CUST-1011,INV-106422,Billing,Closed,2026-01-12,
DSP-925,CUST-1005,INV-102220,Service,Open,2026-02-20,
DSP-926,CUST-1131,INV-103200,Service,Open,2026-01-10,
DSP-927,CUST-1101,INV-108112,Service,Open,2026-01-15,
DSP-928,CUST-1121,INV-100245,Contract,Open,2026-01-02,
DSP-929,CUST-1162,INV-106299,Billing,Closed,2026-02-07,
DSP-930,CUST-1046,INV-100608,Billing,Open,2026-01-16,
DSP-931,CUST-1084,INV-100351,Billing,Open,2026-02-02,
DSP-932,CUST-1116,INV-108484,Service,Closed,2026-02-03,
DSP-933,CUST-1018,INV-107889,Contract,Closed,2026-02-24,
DSP-934,CUST-1026,INV-103526,Contract,Open,2026-01-25,
DSP-935,CUST-1138,INV-107619,Service,Closed,2026-02-24,
DSP-936,CUST-1069,INV-101610,Contract,Open,2026-02-16,
DSP-937,CUST-1186,INV-104175,Billing,Open,2026-01-26,
DSP-938,CUST-1040,INV-103627,Billing,Open,2026-02-17,
DSP-939,CUST-1170,INV-107245,Service,Open,2026-02-09,
DSP-940,CUST-1027,INV-105007,Service,Open,2026-01-14,
DSP-941,CUST-1062,INV-100435,Service,Open,2026-02-25,
DSP-942,CUST-1066,INV-107893,Service,Open,2026-02-11,
DSP-943,CUST-1172,INV-103857,Billing,Closed,2026-01-15,
DSP-944,CUST-1023,INV-103260,Service,Closed,2026-02-04,
DSP-945,CUST-1100,INV-101816,Billing,Closed,2026-02-07,
DSP-946,CUST-1191,INV-108403,Contract,Open,2026-01-31,
DSP-947,CUST-1078,INV-102780,Contract,Closed,2026-02-03,
DSP-948,CUST-1038,INV-108676,Service,Open,2026-01-09,
DSP-949,CUST-1121,INV-107372,Billing,Closed,2026-01-07,
DSP-950,CUST-1044,INV-106596,Billing,Open,2026-02-20,
DSP-951,CUST-1060,INV-102533,Contract,Open,2026-02-07,
DSP-952,CUST-1170,INV-109026,Service,Open,2026-02-27,
DSP-953,CUST-1194,INV-106842,Service,Closed,2026-01-01,
DSP-954,CUST-1091,INV-102047,Contract,Open,2026-01-23,
DSP-955,CUST-1169,INV-105556,Service,Closed,2026-01-14,
DSP-956,CUST-1040,INV-102469,Contract,Closed,2026-01-25,
DSP-957,CUST-1046,INV-101161,Contract,Open,2026-02-22,
DSP-958,CUST-1170,INV-107380,Billing,Open,2026-02-26,
DSP-959,CUST-1121,INV-103166,Contract,Closed,2026-01-08,
DSP-960,CUST-1150,INV-102608,Contract,Closed,2026-02-09,
DSP-961,CUST-1031,INV-107934,Contract,Open,2026-01-06,
DSP-962,CUST-1073,INV-101823,Contract,Open,2026-01-15,
DSP-963,CUST-1121,INV-104380,Service,Closed,2026-02-20,
DSP-964,CUST-1101,INV-100377,Billing,Open,2026-01-20,
DSP-965,CUST-1184,INV-106592,Billing,Open,2026-01-17,
DSP-966,CUST-1165,INV-108933,Service,Closed,2026-02-01,
DSP-967,CUST-1076,INV-108976,Service,Closed,2026-02-28,
DSP-968,CUST-1014,INV-100560,Service,Open,2026-01-06,
DSP-969,CUST-1155,INV-105843,Service,Open,2026-02-08,
DSP-970,CUST-1012,INV-102435,Billing,Open,2026-01-28,
DSP-971,CUST-1034,INV-109534,Billing,Closed,2026-01-10,
DSP-972,CUST-1129,INV-101220,Billing,Open,2026-01-09,
DSP-973,CUST-1060,INV-100123,Billing,Closed,2026-02-06,
DSP-974,CUST-1064,INV-107496,Service,Closed,2026-02-03,
DSP-975,CUST-1168,INV-104173,Contract,Closed,2026-01-13,
DSP-976,CUST-1095,INV-105902,Contract,Open,2026-02-24,
DSP-977,CUST-1085,INV-106279,Service,Open,2026-01-11,
DSP-978,CUST-1003,INV-107491,Service,Closed,2026-01-11,
DSP-979,CUST-1180,INV-108562,Billing,Closed,2026-01-30,
DSP-980,CUST-1109,INV-104249,Contract,Closed,2026-01-28,
DSP-981,CUST-1013,INV-109802,Billing,Closed,2026-01-23,
DSP-982,CUST-1144,INV-104512,Contract,Closed,2026-02-28,
DSP-983,CUST-1141,INV-109237,Billing,Closed,2026-01-15,
DSP-984,CUST-1040,INV-104351,Contract,Closed,2026-02-15,
DSP-985,CUST-1061,INV-105084,Billing,Closed,2026-02-22,
DSP-986,CUST-1051,INV-101604,Billing,Open,2026-01-11,
DSP-987,CUST-1026,INV-100853,Service,Open,2026-01-13,
DSP-988,CUST-1084,INV-108226,Billing,Closed,2026-01-28,
DSP-989,CUST-1039,INV-105303,Contract,Open,2026-02-19,
DSP-990,CUST-1034,INV-109438,Billing,Closed,2026-01-07,
DSP-991,CUST-1094,INV-101149,Billing,Open,2026-01-31,
DSP-992,CUST-1186,INV-108002,Service,Closed,2026-02-18,
DSP-993,CUST-1176,INV-107366,Contract,Open,2026-02-12,
DSP-994,CUST-1190,INV-104905,Service,Closed,2026-01-22,
DSP-995,CUST-1010,INV-103641,Billing,Closed,2026-02-07,
DSP-996,CUST-1079,INV-107155,Contract,Open,2026-01-14,
DSP-997,CUST-1133,INV-109444,Billing,Open,2026-01-06,
DSP-998,CUST-1097,INV-102269,Billing,Open,2026-02-15,
DSP-999,CUST-1124,INV-106879,Contract,Open,2026-01-31,
